batimentos,intervalo_pr,duracao_qrs,diagnostico
72,0.16,0.08,0
75,0.15,0.09,0
110,0.22,0.12,1
68,0.17,0.08,0
130,0.25,0.14,1
80,0.14,0.10,0
55,0.21,0.11,1
74,0.16,0.09,0
115,0.24,0.13,1
70,0.15,0.08,0
82,0.16,0.09,0
105,0.23,0.12,1
76,0.17,0.10,0
125,0.26,0.14,1
69,0.15,0.08,0
50,0.22,0.13,1
78,0.16,0.09,0
118,0.25,0.14,1
71,0.15,0.08,0
85,0.17,0.10,0
140,0.28,0.15,1
73,0.16,0.09,0
60,0.21,0.12,1
77,0.15,0.08,0
108,0.24,0.13,1
75,0.16,0.10,0
135,0.27,0.15,1
68,0.14,0.08,0
58,0.20,0.11,1
79,0.17,0.09,0
112,0.23,0.13,1
72,0.15,0.08,0
122,0.26,0.14,1
74,0.16,0.10,0
52,0.22,0.12,1
76,0.15,0.09,0
130,0.25,0.15,1
70,0.14,0.08,0
116,0.24,0.13,1
80,0.16,0.09,0