frase,situacao
"sinto dor no peito e falta de ar",alto risco
"tive um leve incomodo nas costas",baixo risco
"dormencia no braco esquerdo e tontura",alto risco
"dor de cabeca leve ao acordar",baixo risco
"coracao acelerado e suor frio do nada",alto risco
"cansaco apos correr no parque",baixo risco
"pressao no peito que sobe para o pescoco",alto risco
"azia depois de comer muita pizza",baixo risco
"desmaio e visao escura",alto risco
"dor muscular na perna por causa da academia",baixo risco
"falta de ar severa mesmo deitado",alto risco
"pequena fisgada no dedo da mao",baixo risco
"palpitacoes fortes e confusao mental",alto risco
"estou me sentindo super bem e saudavel",baixo risco
"dor no peito esmagadora ao subir escadas",alto risco
"dor de cabeca por ter dormido mal",baixo risco
"formigamento no pescoco e maxilar travado",alto risco
"pequeno arranhao no joelho",baixo risco
"nao consigo respirar direito e meu peito doi",alto risco
"dor de garganta e tosse seca",baixo risco
"suor excessivo com dor no braco esquerdo",alto risco
"dor na lombar depois de ficar muito tempo sentado",baixo risco
"apagao rapido e dor no peito",alto risco
"nariz escorrendo e espirros",baixo risco
"batimentos muito fortes e pontada no coracao",alto risco
"dor de dente leve",baixo risco
"dor forte no peito irradiando para o braco",alto risco
"corte superficial no dedo",baixo risco
"asfixia e dor aguda no peito",alto risco
"dor no tornozelo apos torcao",baixo risco
"pressao insuportavel no peito e suor frio",alto risco
"dor de estomago apos comer doce",baixo risco
"coracao disparado e tontura forte",alto risco
"dor no ombro por mau jeito ao dormir",baixo risco
"falta de ar e dormencia no rosto",alto risco
"cansaco normal no fim do dia",baixo risco
"dor no peito que nao passa com repouso",alto risco
"dor no pe da barriga",baixo risco
"sensacao de morte iminente e dor no peito",alto risco
"dor no joelho ao subir escada",baixo risco
"dor no peito aguda e formigamento",alto risco
"unha encravada doendo um pouco",baixo risco
"taquicardia severa e visao embacada",alto risco
"resfriado comum com coriza",baixo risco
"desconforto no peito intenso e palidez",alto risco
"espasmo muscular nas costas leve",baixo risco
"dor no peito esmagadora",alto risco
"dor de cabeca fraca",baixo risco
"falta de ar grave e repentina",alto risco
"leve cansaco nas pernas",baixo risco